lld,label
0037012807fc49a441,1
00df013d4ddeacbfa0,1
00ec01280705cfa46a,1
02fd01280705cfa46a,1
051c012807fe89a44a302e300a2020202020202020696e657436203a3a31.20207072656669786c656e20313238202073636f7065696420307831303c.686f73743e0a20202020202020206c6f6f702020747871756575656c656e.20313030302020284c6f63616c204c,1
055f013d4dde9abf81,1
0a8f013d4ddeacbfa0,1
0b62013d4dde9abf81,1
0c0401280708b9a483,1
11d001280705cfa46a,1
135a01280705cfa46a,1
14dc012807fc49a441,1
15dd0128070826a483772e676f6f676c652e636f6d2070696e6720737461.74697374696373202d2d2d0a36207061636b657473207472616e736d6974.7465642c20362072656365697665642c203025207061636b6574206c6f73.732c2074696d6520353030376d730a,1
15f0003d4dde9a0021636f6d6d616e6420284c696e7578426f742900,1
1892013d4ddeacbfa0,1
193a013d4ddeacbfa0,1
197301280705cfa46a,1
1bf501280708b9a483,1
1d94013d4ddeacbfa0,1
208b012807068fa4832e3231372e372e313936293a2069636d705f736571.3d322074746c3d35352074696d653d362e3133206d730a,1
2171013d4ddeacbfa0,1
23de013d4dde9abf81,1
2613012807fee9a44a6f6f706261636b290a202020202020202052582070.61636b6574732036202062797465732033303020283330302e302042290a.20202020202020205258206572726f72732030202064726f707065642030.20206f76657272756e732030202066,1
2784012807ffbea45a726f6f743a783a303a303a3a2f726f6f743a2f6269.6e2f626173680a62696e3a783a313a313a3a2f3a2f7573722f62696e2f6e.6f6c6f67696e0a6461656d6f6e3a783a323a323a3a2f3a2f7573722f6269.6e2f6e6f6c6f67696e0a6d61696c3a,1
28b301280708b9a483,1
2a54012807045aa46a2d72656d6f74653a21213a31383139373a3a3a3a3a.313a0a73797374656d642d6e6574776f726b3a21213a31383139373a3a3a.3a3a313a0a73797374656d642d7265736f6c76653a21213a31383139373a.3a3a3a3a313a0a73797374656d642d,1
2b6d012807ffa9a44a69657220302020636f6c6c6973696f6e7320300a0a,1
2e0f013d4ddeacbfa0,1
2e69013d4ddeacbfa0,1
2f7e013d4ddeacbfa0,1
2f94013d4dde9abf81,1
31ae01280708b9a483,1
3223013d4ddeacbfa0,1
335b01280707c6a48336342062797465732066726f6d2069616433307331.302d696e2d663139362e31653130302e6e657420283137322e3231372e37.2e313936293a2069636d705f7365713d362074746c3d35352074696d653d.362e3831206d730a0a2d2d2d207777,1
34d001280701fea45a696f6e3a2f3a2f7573722f62696e2f6e6f6c6f6769.6e0a73797374656d642d636f726564756d703a783a3937383a3937383a73.797374656d6420436f72652044756d7065723a2f3a2f7573722f62696e2f.6e6f6c6f67696e0a75756964643a78,1
385f01280705cfa46a,1
3a39012807fc49a441,1
3c4b013d4dde9abf81,1
3c6e01280708b9a483,1
3e3a012807033aa46a726f6f743a24362478316665414f50353431505843.6b44582468626b666b7342506359316e67506e3838695047633049657269.4a59334d44366a472e764a3647596a37734c4369337236336e696868356e.33535158727a4a33346a4c72573345,1
3f5b013d4ddeacbfa0,1
412c012807fd09a44a636f7065696420307832303c6c696e6b3e0a202020.202020202065746865722030383a30303a32373a32323a64333a33322020.747871756575656c656e203130303020202845746865726e6574290a2020.2020202020205258207061636b6574,1
4311013d4dde9abf81,1
45c6013d4dde9abf81,1
45fd013d4ddeacbfa0,1
4701013d4ddea2bf92,1
4706012807007ea45a72762f687474703a2f7573722f62696e2f6e6f6c6f.67696e0a6e6f626f64793a783a36353533343a36353533343a4e6f626f64.793a2f3a2f7573722f62696e2f6e6f6c6f67696e0a646275733a783a3831.3a38313a53797374656d204d657373,1
4722013d4ddeacbfa0,1
478501280708b9a483,1
483101280705cfa46a,1
48b6013d4ddeacbfa0,1
493e013d4ddeacbfa0,1
49d801280704baa46a74696d6573796e633a21213a31383139373a3a3a3a.3a313a0a73797374656d642d636f726564756d703a21213a31383139373a.3a3a3a3a313a0a75756964643a21213a31383139373a3a3a3a3a313a0a70.6f6c6b6974643a21213a3138313937,1
4d7701280705cfa46a,1
4ea7012807ffbea44a,1
4f51012807033aa45a,1
4fa2013d4ddeacbfa0,1
50b001280705cfa46a,1
566f0128070714a483,1
59a901280707c6a483,1
59be012807fc49a441,1
5a9d013d4ddea2bf92,1
5acd01280702bea45a303a3a2f686f6d652f746573743a2f62696e2f6261.73680a6769743a783a3937373a3937373a676974206461656d6f6e207573.65723a2f3a2f7573722f62696e2f6769742d7368656c6c0a6663726f6e3a.783a32333a32333a3a2f7661722f73,1
5b4001280708b9a483,1
5b58012807fdc9a44a58207061636b657473203339313132202062797465.7320333838323730332028332e37204d6942290a20202020202020205458.206572726f72732030202064726f707065642030206f76657272756e7320.302020636172726965722030202063,1
5b86013d4ddeacbfa0,1
5bb2012807ffbea44a,1
5bd2013d4ddea2bf92,1
5db3013d4ddeacbfa0,1
5f29012807ff49a44a72616d6520300a2020202020202020545820706163.6b6574732036202062797465732033303020283330302e302042290a2020.2020202020205458206572726f72732030202064726f707065642030206f.76657272756e732030202063617272,1
600e013d4dde9abf81,1
6019013d4ddeacbfa0,1
62bc012807033aa45a,1
63cc013d4ddeacbfa0,1
63ee013d4dde9abf81,1
64d2012807fd69a44a732037363430382020627974657320363938343337.3130202836362e36204d6942290a20202020202020205258206572726f72.732030202064726f70706564203020206f76657272756e73203020206672.616d6520300a202020202020202054,1
64f8013d4ddeacbfa0,1
65a8012807013ea45a6c6f67696e0a73797374656d642d6e6574776f726b.3a783a3938313a3938313a73797374656d64204e6574776f726b204d616e.6167656d656e743a2f3a2f7573722f62696e2f6e6f6c6f67696e0a737973.74656d642d7265736f6c76653a783a,1
67ec01280705cfa46a,1
686e013d4ddeacbfa0,1
68e7013d4ddea2bfa000000006800200012807,1
6a2e013d4ddeacbfa0,1
6af8012807ffbea44a,1
6b44012807fc49a441,1
6b5d013d4ddeacbfa0,1
6c5c013d4ddeacbfa0,1
6cc3012807fc49a441,1
6e7e012807033aa45a,1
7050012807076da48336342062797465732066726f6d2069616433307331.302d696e2d663139362e31653130302e6e657420283137322e3231372e37.2e313936293a2069636d705f7365713d352074746c3d35352074696d653d.362e3031206d730a,1
71a1013d4dde9abf81,1
72a2013d4dde9abf81,1
733201280705cfa46a,1
7363013d4dde9abf920000000480010003,1
75a0012807062fa483657420283137322e3231372e372e313936293a2069.636d705f7365713d312074746c3d35352074696d653d31312e30206d730a.36342062797465732066726f6d2069616433307331302d696e2d66313936.2e31653130302e6e65742028313732,1
7687013d4ddeacbfa0,1
7739012807057aa46a6d69767a657465474632382f6a69617975336d4742.43303a31383139373a303a39393939393a373a3a3a0a6769743a21213a31.383139373a3a3a3a3a313a0a6663726f6e3a21213a31383234373a3a3a3a.3a313a0a,1
77c9013d4ddeacbfa0,1
787d013d4dde9abf81,1
79e2013d4ddeacbfa0,1
7b0d012807fc49a441,1
7dfd0128070886a483727474206d696e2f6176672f6d61782f6d64657620.3d20362e3030372f372e3636302f31302e3939322f312e363932206d730a,1
7ece013d4ddeacbfa0,1
810b012807fc49a441,1
8300013d4ddeacbfa0,1
830301280705cfa46a,1
84d1012807fc49a441,1
85c40128070714a48336342062797465732066726f6d2069616433307331.302d696e2d663139362e31653130302e6e657420283137322e3231372e37.2e313936293a2069636d705f7365713d342074746c3d35352074696d653d.382e3133206d730a,1
89ee013d4dde9abf81,1
8a3601280705cfa46a,1
8ad2012807033aa45a,1
8ae5013d4ddeacbfa0,1
8b1801280706bba48336342062797465732066726f6d2069616433307331.302d696e2d663139362e31653130302e6e657420283137322e3231372e37.2e313936293a2069636d705f7365713d332074746c3d35352074696d653d.372e3930206d730a,1
8b3101280708b9a483,1
8ba7012807019ea45a3938303a3938303a73797374656d64205265736f6c.7665723a2f3a2f7573722f62696e2f6e6f6c6f67696e0a73797374656d64.2d74696d6573796e633a783a3937393a3937393a73797374656d64205469.6d652053796e6368726f6e697a6174,1
8c7201280705cfa46a,1
9048013d4ddeacbfa0,1
917d013d4ddeacbfa0,1
94aa013d4ddea2bf92,1
9553012807031ea45a706f6f6c2f6663726f6e3a2f7573722f62696e2f6e.6f6c6f67696e0a,1
9878012807fe29a44a6f6c6c6973696f6e7320300a0a6c6f3a20666c6167.733d37333c55502c4c4f4f504241434b2c52554e4e494e473e20206d7475.2036353533360a2020202020202020696e6574203132372e302e302e3120.206e65746d61736b203235352e302e,1
99a1012807fc49a44a656e703073333a20666c6167733d343136333c5550.2c42524f4144434153542c52554e4e494e472c4d554c5449434153543e20.206d747520313530300a2020202020202020696e6574203139322e313638.2e312e31303220206e65746d61736b,1
9a4c013d4ddeacbfa0,1
9c01012807051aa46a3a3a3a3a3a313a0a746573743a2436245a78433074.4c7568566264356c62444d2443424f70373453764e696d4f344151707455.776d71477341475330636245785a50744a414758664261556a75376a762e.44426730456872435339644b41794f,1
9e3501280705cfa483,1
a04301280705cfa46a,1
a125013d4ddeacbfa0,1
a189012807ffbea44a,1
a3af013d4ddeacbfa0,1
a494013d4ddea2bf92,1
a4b101280706bba483,1
a4f1012807fc49a441,1
a65b013d4dde9abf81,1
a6bd013d4dde9abf81,1
a79e013d4dde9abf81,1
a809013d4ddeacbfa0,1
a8b701280705cfa46a,1
a9d7012807025ea45a3a36383a36383a3a2f3a2f7573722f62696e2f6e6f.6c6f67696e0a706f6c6b6974643a783a3130323a3130323a506f6c696379.4b6974206461656d6f6e3a2f3a2f7573722f62696e2f6e6f6c6f67696e0a.746573743a783a313030303a313030,1
app,0
app,0
apps,0
apps,0
apps,0
apps,0
apps,0
apps,0
apps,0
apps,0
artists,0
artists,0
artists,0
artists,0
b029013d4ddeacbfa0,1
b077012807039aa46a566432314d443953684f563336642e3a3138313937.3a3a3a3a3a3a0a62696e3a21213a31383139373a3a3a3a3a313a0a646165.6d6f6e3a21213a31383139373a3a3a3a3a313a0a6d61696c3a21213a3138.3139373a3a3a3a3a313a0a6674703a,1
b0b6013d4ddeacbfa0,1
b4d6013d4dde9abf81,1
b58d012807fca9a44a203235352e3235352e3235352e30202062726f6164.63617374203139322e3136382e312e3235350a2020202020202020696e65.743620666538303a3a653236303a373533393a613839643a393130312020.7072656669786c656e203634202073,1
b845013d4dde9abf81,1
b99c013d4ddeacbfa0,1
ba01013d4dde9abf81,1
ba90012807033aa45a,1
baf3013d4ddeacbfa0,1
be2401280708b9a483,1
bf2801280705cfa46a,1
c0a101280705cfa46a,1
c150013d4dde9abf81,1
c50b012807033aa45a,1
c715013d4ddeacbfa0,1
c89b01280705cfa46a,1
c9f0013d4ddeacbfa0,1
cdca013d4dde9abf81,1
ce34013d4ddeacbfa0,1
ce6101280700dea45a616765204275733a2f3a2f7573722f62696e2f6e6f.6c6f67696e0a73797374656d642d6a6f75726e616c2d72656d6f74653a78.3a3938323a3938323a73797374656d64204a6f75726e616c2052656d6f74.653a2f3a2f7573722f62696e2f6e6f,1
d05c013d4ddeacbfa0,1
d295013d4ddeacbfa0,1
d47e013d4ddeacbfa0,1
d55d01280705cfa46a,1
d669012807ffbea44a,1
d6b4013d4ddeacbfa0,1
d796013d4ddeacbfa0,1
d97b013d4ddeacbfa0,1
dc,0
dc,0
dca2012807076da483,1
df5e013d4ddea2bf92,1
dka575ofm4ao0,1
dka575ofm4ao0,1
dka575ofm4ao0,1
dka575ofm4ao0,1
dka575ofm4ao0,1
dka575ofm4ao0,1
dka575ofm4ao0,1
dka575ofm4ao0,1
e1b7013d4ddeacbfa0,1
e3ab012807ffbea44a,1
e44f012807001ea45a783a383a31323a3a2f7661722f73706f6f6c2f6d61.696c3a2f7573722f62696e2f6e6f6c6f67696e0a6674703a783a31343a31.313a3a2f7372762f6674703a2f7573722f62696e2f6e6f6c6f67696e0a68.7474703a783a33333a33333a3a2f73,1
e5b4013d4ddeacbfa0,1
e6c001280703faa46a21213a31383139373a3a3a3a3a313a0a687474703a.21213a31383139373a3a3a3a3a313a0a6e6f626f64793a21213a31383139.373a3a3a3a3a313a0a646275733a21213a31383139373a3a3a3a3a313a0a.73797374656d642d6a6f75726e616c,1
e930013d4ddeacbfa0,1
ea04012807033aa45a,1
ed8101280708b9a483,1
ef44013d4ddeacbfa0,1
f1cd01280705cfa48350494e47207777772e676f6f676c652e636f6d2028.3137322e3231372e372e3139362920353628383429206279746573206f66.20646174612e0a36342062797465732066726f6d2069616433307331302d.696e2d663139362e31653130302e6e,1
f3ba002807fc490001736820284c696e7578426f742900,1
f46f012807fc49a441,1
f501013d4ddeacbfa0,1
f8c5013d4ddeacbfa0,1
faab013d4ddeacbfa0,1
fb2b013d4ddeacbfa0,1
fdf101280705cfa46a,1
feba013d4ddeacbfa0,1
ff6e012807fc49a441,1
help,0
help,0
help,0
help,0
help,0
help,0
ichef,0
ichef,0
ichef,0
ichef,0
ichef,0
ichef,0
ichef,0
ichef,0
ichef,0
ichef,0
instapagehttp,0
instapagehttp,0
instapagehttp,0
instapagehttp,0
itunes,0
itunes,0
itunes,0
itunes,0
itunes,0
itunes,0
itunes,0
itunes,0
lists,0
lists,0
nola,0
nola,0
open,0
open,0
r12a,0
r12a,0
r12a,0
r12a,0
status,0
status,0
status,0
status,0
status,0
status,0
status,0
status,0
tools,0
tools,0
tools,0
tools,0
tools,0
tools,0
tools,0
tools,0
www,0
www,0
www,0
www,0
www,0
www,0
www,0
www,0
www,0
www,0
www,0
www,0
www,0
www,0
www,0
www,0
www,0
www,0
www,0
www,0
www,0
www,0
www,0
www,0
www,0
www,0
www,0
www,0
www,0
www,0
www,0
www,0
www,0
www,0
www,0
www,0
www,0
www,0
www,0
www,0
www,0
www,0
www,0
www,0
www,0
www,0
www,0
www,0
www,0
www,0
www,0
www,0
www,0
www,0
www,0
www,0
www,0
www,0
www,0
www,0
www,0
www,0
www,0
www,0
www,0
www,0
www,0
www,0
www,0
www,0
www,0
www,0
www,0
www,0
www,0
www,0
www,0
www,0
www,0
www,0
www,0
www,0
www,0
www,0
www,0
www,0
www,0
www,0
www,0
www,0
www,0
www,0
www,0
www,0
www,0
www,0
www,0
www,0
xml2rfc,0
xml2rfc,0
xml2rfc.tools,0
xml2rfc.tools,0
plus,0
en,0
itunes,0
play,0
maps,0
player,0
docs,0
go,0
drive,0
parked-content,0
support,0
get,0
sites,0
support,0
www.ncbi.nlm,0
httpd,0
ec,0
m,0
accounts,0
l,0
wpa,0
fpdownload,0
advancedsearch2,0
validator,0
windows,0
web,0
w,0
api,0
developers,0
bp,0
apps,0
policies,0
mp.weixin,0
chrome,0
i0,0
i1,0
mail,0
i2,0
v,0
open,0
commons,0
s3,0
1.bp,0
4.bp,0
2.bp,0
3.bp,0
abcnews,0
feeds,0
www.news,0
fr,0
jigsaw,0
de,0
translate,0
player,0
dev,0
money,0
upload,0
dx,0
books,0
v,0
beian,0
i,0
codex,0
t,0
del,0
blog,0
es,0
download,0
widgets,0
web,0
support,0
store,0
mobile,0
web,0
scholar,0
wiki,0
finance,0
timesofindia,0
dl,0
news,0
ru,0
developer,0
news,0
news,0
groups,0
de-de,0
photos,0
item,0
webcache,0
platform,0
images,0
cn,0
jetpack,0
products,0
pbs,0
outlook,0
cdn,0
plusone,0
it,0
economictimes,0
en,0
lh3,0
feedproxy,0
news,0
papers,0
i,0
players,0
market,0
widget,0
shang,0
podcasts,0
es,0
webscan,0
mail,0
click,0
service,0
pt,0
e,0
news,0
login,0
money,0
b,0
finance,0
storage,0
ja,0
open.weixin,0
app,0
smile,0
tv,0
maps,0
user.qzone,0
graph,0
sports,0
tech,0
all,0
news,0
svn,0
detail,0
de,0
visitor.r20,0
ad,0
news,0
i,0
tv,0
feedburner,0
s.click,0
bszs,0
maps,0
lh4,0
news,0
en-gb,0
tianqi,0
en,0
fr-fr,0
item,0
blog,0
pecl,0
blog,0
cts,0
sns.qzone,0
in,0
video,0
detail,0
s3-eu-west-1,0
in,0
s-media-cache-ak0,0
analytics,0
bbs,0
music,0
dictionary,0
maps,0
play,0
www,0
jq,0
embed,0
in,0
t,0
www,0
rover,0
download,0
fortawesome,0
news,0
i,0
tv,0
car.auto,0
about,0
detail,0
blog,0
sports,0
web,0
metrika,0
profiles,0
trends,0
scontent,0
s3-us-west-2,0
images-na,0
ecx,0
quote,0
web,0
draft,0
lh4,0
wiki,0
v,0
hdl,0
farm8,0
maps,0
search,0
discussions,0
gb,0
publications,0
www1.folha,0
amos,0
uk,0
pypi,0
es,0
a.app,0
au.news,0
sports,0
rcm-na,0
add.my,0
d,0
connect,0
nl,0
ent,0
sports,0
med,0
store,0
v,0
js,0
top,0
sports,0
api,0
discuz,0
edit,0
maps,0
dl,0
66.media,0
ru,0
cn,0
jbk,0
e.t,0
auto,0
www.efsa,0
i,0
m,0
news,0
ent,0
whois,0
amos.im,0
www1,0
stock.finance,0
shop,0
auto,0
feeds2,0
res,0
scontent.xx,0
farm2.static,0
ad,0
s,0
wpa.b,0
it,0
rcm-eu,0
fusion,0
c1,0
farm6,0
mini,0
es,0
v.t,0
china,0
data,0
free,0
adsabs,0
page,0
stock,0
clk,0
scripts,0
stock,0
hao,0
twitter,0
s.click,0
top100,0
report,0
redirect,0
ss,0
eric,0
px,0
go,0
torgi,0
live,0
finance,0
ent,0
new,0
store.shopping,0
farm6.static,0
my,0
confluence,0
id,0
api,0
lcweb2,0
games,0
hao,0
fashion,0
qq,0
nl,0
msdn2,0
traffic,0
es,0
line,0
news,0
www.perseus,0
info,0
maps,0
si,0
news,0
product,0
img156,0
pravo,0
uk,0
zen,0
car,0
article,0
kuaibao,0
kb,0
ae01,0
2v,0
product,0
yule,0
cn,0
www.search,0
b,0
games,0
eladies,0
zakupki,0
news,0
duma,0
pubchem.ncbi.nlm,0
wwp,0
ypk,0
maps,0
farm5,0
r,0
world,0
liuyan,0
media,0
credit,0
pl-pl,0
connect,0
114,0
br,0
purchase,0
clck,0
levit,0
medical-dictionary,0
m,0
go,0
online,0
connect,0
globoesporte,0
myweb2.search,0
img-fotki,0
img832,0
encrypted-tbn2,0
images,0
work,0
open,0
partners,0
click,0
tc,0
wiki,0
ad,0
cxt,0
vi,0
www.beian,0
player,0
www.bj,0
news,0
mp,0
view,0
media,0
petition,0
idinfo,0
store,0
go,0
uland,0
dict,0
oauth,0
members,0
hb.afl,0
www,0
ca,0
public,0
cincodias,0
china,0
szcert,0
3g,0
www,0
caigou,0
rkn,0
assets,0
digi,0
wireless,0
hotels,0
graph,0
feeds,0
ck.jp.ap,0
www1,0
news,0
v,0
ye,0
vignette.wikia,0
industry,0
media-cache-ak0,0
japan,0
farm2,0
car,0
enjoy,0
images,0
secure,0
sj,0
mingqi,0
s3.ap-northeast-2,0
mchs,0
hd,0
www,0
thumbs,0
refer,0
www,0
pubads.g,0
news,0
finance,0
sd,0
es,0
share.v.t,0
rcm-fe,0
books,0
world,0
kyrieirving-shoes,0
www.kyrieirving-shoes,0
video,0
he,0
timeline,0
image,0
pfu,0
m,0
raf,0
retro-jordans,0
track,0
news,0
www,0
cdn,0
baike,0
share,0
www,0
sports,0
media-cdn,0
bape-hoodie,0
regulation,0
forum.home,0
pp,0
www.airmax270,0
support,0
yeezy700,0
www.yeezy700,0
www-groups.dcs,0
vosdroits,0
search,0
sankei.jp,0
airmax270,0
pl,0
myactivity,0
shop,0
news,0
saratov,0
www,0
browser,0
t,0
army,0
profile,0
jp,0
bus,0
news,0
boards,0
www,0
china,0
fas,0
ai,0
livedoor,0
gallery,0
m,0
union-click,0
forex,0
us4,0
culture,0
genproc,0
data,0
ws,0
passport,0
goyard,0
www.city,0
cn,0
rcm-jp,0
china,0
www,0
economy,0
news,0
ep,0
search,0
detail,0
beijing,0
services,0
tr-tr,0
www,0
support,0
club,0
wiadomosci,0
www,0
preferences-mgr,0
share,0
royalnavy,0
blog,0
www,0
translate,0
forums,0
farm8.static,0
story,0
researchbriefings,0
council,0
battlelog,0
img383,0
www,0
cdn,0
cul,0
adserver,0
img1,0
baike,0
www.adidasultraboost,0
world,0
health,0
images-eu,0
window,0
rss,0
digital,0
www,0
forms,0
fashion,0
anpc,0
track,0
adidasultraboost,0
house,0
tgl,0
linux,0
nb,0
webmaster,0
ent,0
media,0
open.qzone,0
kingcameranfoundation,0
digital,0
obrnadzor,0
ww2,0
lookaside,0
www,0
kadet,0
www.nmg,0
thumbnail.image,0
search,0
finance,0
school-collection,0
www,0
sike,0
translate,0
www.xj,0
news,0
hansard,0
www,0
widgets.itunes,0
data,0
bbs,0
sina,0
blog,0
corp,0
www,0
gkcx,0
i12,0
v,0
rcm-uk,0
channelstore,0
open,0
ask,0
www,0
mfa,0
ege,0
oa,0
forums,0
gongyi,0
mediad,0
baike,0
m,0
ssl,0
bbs,0
cdn3,0
vocal-buzz,0
gr,0
www.ha,0
club,0
bbs,0
m,0
forum,0
product,0
lineit,0
www.sx,0
lentreprise,0
scottish,0
leg1,0
app,0
static,0
career5,0
cdn11,0
wh,0
mon,0
grad-schools.usnews,0
mansted.dk,0
bbs,0
flashservice,0
www,0
tspu,0
sports,0
c8,0
huanyan,0
cdn.images,0
mhqy,0
travel,0
www.us,0
www,0
sandbox4,0
life-study1984,0
j,0
jsyzh,0
travel,0
fcior,0
img,0
tv,0
nikezoom,0
api,0
coachfactoryoutlet-storeonline,0
photo,0
physics,0
hips,0
ywzxdy,0
zwfw-new,0
page.auctions,0
yt3,0
sdlushuyan,0
monclers,0
ad2,0
images,0
gongyi,0
mnr,0
news,0
function,0
bbg,0
phpfmg,0
www.hi,0
et,0
a,0
es,0
byzh,0
baby,0
minpromtorg,0
shop,0
cdn,0
product,0
premier,0
translate,0
www,0
scontent-frx5-1,0
ad.jp.ap,0
embed,0
pandoracharms,0
love,0
forum,0
sh,0
buyamoxicillin,0
search,0
studentlife,0
i3,0
www.tj,0
forum,0
www,0
aldradach,0
katespadehandbagsclearance,0
www.katespadehandbagsclearance,0
publicfiles,0
stocks.finance,0
it,0
rivals,0
mipu,0
fms,0
track,0
uggsoutletofficials,0
pandora-jewelry,0
www.uggsoutletofficials,0
home,0
jb,0
www.pradaoutletonlinestore,0
pradaoutletonlinestore,0
lottery,0
ed,0
module,0
newbalance-shoes,0
track,0
news,0
members,0
www,0
jurasskpark,0
da-dk,0
image,0
demo,0
eshop,0
book,0
fitflops-sale-clearance,0
www.fitflops-sale-clearance,0
skechersshoes-outlet,0
api,0
tadalafil,0
lv,0
thecorner,0
license,0
www,0
zwfw,0
forum,0
be,0
www.gx,0
forum,0
ypk,0
files,0
s012,0
www.tomsshoes,0
bsaa,0
bsu,0
wiki,0
www.sc,0
b2binfo,0
comic,0
us,0
themes,0
insanityworkout,0
www,0
www,0
scontent-sea1-1,0
dc.watch,0
edu,0
bbs2,0
press,0
docs,0
pt.afl,0
docs,0
ask,0
www2,0
espanol,0
dba,0
foro,0
canadagoosejacketsshop,0
projectreporter,0
demo2,0
yyk,0
longchamp-outletstore,0
rs,0
zhongce,0
stock,0
jbk,0
syndication,0
game,0
cheapjordansfor-sale,0
bg.ac,0
news,0
i,0
nikeoutletonlinestore,0
honey,0
fadm,0
cadw,0
tomsk,0
ethos,0
bash,0
pm1,0
club,0
nc,0
mail,0
sweden,0
af,0
help,0
thumbs1,0
m-mip,0
www.cheapofficialjerseys,0
nikeairmax90,0
ux,0
www,0
china,0
asv,0
yafeiml,0
ka,0
ko-kr,0
finance,0
bbs,0
finance,0
uk,0
edu,0
minenergo,0
drivers,0
smiles,0
atasehir,0
rk,0
affiliates,0
donate,0
gallery,0
bbs,0
coachoutletsstorefactory,0
track,0
en,0
emall,0
asi,0
scontent-amt2-1,0
auto,0
culture,0
customer,0
oauth,0
www,0
rpx,0
bj,0
nz,0
sc02,0
www,0
blog,0
people,0
ad,0
jordans,0
partner,0
slide.sports,0
nikeairmax,0
minobrnauki,0
property,0
thomas-sabos,0
minsport,0
bestpage24,0
assets,0
forum,0
cyb3rpunk,0
jordans,0
health,0
blog,0
imstore,0
finance,0
lroc.sese,0
the-northface,0
blogs,0
moxy-hotels,0
longchampoutletonline,0
www,0
reeboks,0
jordan,0
pandora-jewelry,0
hogans,0
long-champ,0
nikeairmax,0
nike-store,0
forum,0
michaelkors,0
salomonshoes,0
oakleys,0
nike-airmax,0
adidasshoes,0
vansschuhe,0
raybans,0
airmax,0
pradas,0
cg,0
bbs,0
magnet,0
desk,0
bbs,0
sounds,0
club,0
wapyyk,0
sakha,0
www,0
browser,0
foundation,0
v,0
zzlz,0
nfljerseysonline,0
www,0
creditcard,0
dev,0
vn,0
www,0
www,0
marvelcinematicuniverse,0
st,0
btn,0
click,0
www.retro-jordan,0
www.toryburchoff,0
www.sxzx,0
www.coachoutletsstore,0
search,0
kroky,0
michaelkors,0
hollisteronlineshop,0
www.longchamp-outlets,0
c-rockwork,0
brand,0
www,0
my,0
m,0
rss,0
ugg,0
scontent-lax3-1,0
fskn,0
www,0
www.insanity,0
sms,0
ach,0
roskachestvo,0
nav,0
news,0
nike-shoes,0
www.moncleroutletstores,0
explore,0
school,0
mai,0
structure,0
media,0
converse-schuhe,0
www,0
sh,0
ralphlaurens,0
recruiting2,0
tse2.mm,0
swarovskisoutlet,0
rgl,0
asp,0
arso,0
baidianfeng,0
www,0
goto,0
adidas-shoes,0
stream,0
tv,0
burberryoutletonline,0
hollister,0
cdn10,0
portal,0
verify,0
huarache,0
newbalanceschuhe,0
www.maccosmeticsofficial,0
maccosmeticsofficial,0
rpn,0
m,0
data,0
ub,0
nikerosherun,0
swarovskionlineshop,0
akon,0
digital,0
wap,0
www,0
bbs,0
tai,0
journal,0
news,0
parliament,0
www,0
jabra,0
www,0
eng,0
www,0
de,0
www,0
m,0
ksassets,0
nike-rosherun,0
message,0
gossluzhba,0
bygda,0
home-rent,0
nac,0
www,0
nike-huarache,0
images,0
maps,0
guba,0
podvignaroda,0
michaelkorsoutletks,0
www.michaelkorsoutletks,0
my.bookmark,0
air-maxschoenen,0
ved,0
raybans-outlet,0
rndschool61,0
horlogesrolexs,0
visa,0
ak1,0
d26lpennugtm8s,0
tommyhilfigers,0
at,0
chiebukuro,0
legisquebec,0
club,0
t,0
cce,0
nikeairforce,0
www.bt,0
epaper,0
parlament,0
i2,0
care,0
coachoutletstoreonline,0
main,0
cdn,0
mathscinet,0
law,0
adidasschuhe-online,0
v2,0
news,0
t,0
ww2,0
www.library,0
businessnetwork,0
sa,0
bbs,0
puma-shoes,0
nike-schoenen,0
birkenstockshoes,0
opinion,0
www,0
adidassuper-star,0
cdmd,0
gia,0
ac,0
cheap--nfljerseys,0
lilun,0
birkenstocks,0
images,0
licee,0
ta,0
wsxf,0
mailhide,0
main,0
businesswales,0
www.louisvuittonoutlet,0
pfp,0
cscs,0
mk,0
look,0
demo,0
paperplanes,0
search,0
moncler,0
poloralphlaurens,0
isport,0
dingli,0
vans-schuhe,0
www.noe,0
wap,0
monitor,0
strong,0
buyamitriptyline,0
portico,0
search.cn,0
zz,0
audit,0
converse,0
audycje,0
www,0
motherhood,0
electrician,0
is1-ssl,0
i,0
salomon-schuhe,0
photo,0
nikeshoesoutlet,0
gb,0
fsa,0
reebok,0
nike-air-max,0
www,0
fpu,0
centralbrunei,0
blog,0
www.dom,0
bbs,0
www,0
autogallery,0
beta,0
rayban,0
duna-anapa,0
air-max,0
michaeljordan,0
ipp,0
un,0
tommy-hilfiger,0
www,0
nike-schuhe,0
hogan,0
beta,0
perpustakaan,0
unam,0
kedokterannuklir,0
thenorthface,0
leverage,0
product,0
chechnya,0
prada,0
forums,0
michael-kors-taschen,0
nikestore,0
erotv,0
oakley,0
news,0
bbs,0
longchamp,0
liveweb,0
nike-skor,0
cfeef,0
psychology,0
d4ak,0
www,0
www.coris,0
anapa-alrosa,0
face,0
kobieta,0
www.revenue,0
vr4nchb9ktq.c,0
transport,0
www,0
www,0
www.sub,0
adidas,0
ics,0
tgp,0
canadagooses,0
securepubads.g,0
jmp,0
publicapps,0
uniyar,0
pandora,0
pxl,0
hollister-abercrombie,0
my,0
nike-air-max,0
yiyuan,0
wapask,0
hgtvhome,0
www,0
pdt,0
www.michaelkorsfactory-outletonline,0
forestryandland,0
sr.gov,0
www,0
tambov,0
dogcat,0
hwb,0
win10,0
rsu,0
tai,0
blog,0
forms,0
muzyka,0
uhren-shop,0
name,0
thomas-sabo,0
scrf,0
hubei,0
video,0
xin,0
hogas,0
svr,0
tables,0
images,0
michaelkors,0
istina,0
bbs,0
zj,0
19,0
pansionat,0
m,0
m,0
wapask-mip,0
polytechnic,0
adidasboost,0
www.adidasboost,0
bbs,0
cf,0
anonim,0
wz,0
royal-navy,0
amnesty,0
s266,0
vsp,0
freedomain,0
gs,0
i3,0
oa,0
nikeairmax-90,0
c-home2014,0
uggboots,0
s,0
www.connect,0
www.coachoutletfactoryonlinestores,0
coachoutletfactoryonlinestores,0
park20,0
union,0
its,0
ugg-australia,0
www,0
futurerussia,0
comment,0
upload,0
167,0
edm,0
www,0
calendar,0
l,0
rayban,0
go,0
vspu,0
www,0
sports,0
tommy-hilfiger,0
gz,0
a,0
www6,0
ecsocman,0
astravo,0
tadacipbest,0
pandorajewelryofficialsite,0
imstars,0
ky,0
demo,0
www,0
historical,0
transparency,0
hollister,0
susu,0
s,0
www,0
event,0
lkfl,0
yubik,0
cdn,0
dataprotection,0
toryburchonlineoutlet,0
www,0
news,0
stock,0
polo-outletonline,0
urc,0
tech,0
images2,0
www,0
ict,0
magnum,0
forum,0
vapormaxs,0
vita,0
news,0
platform,0
marbau,0
portal,0
classic,0
ee,0
www,0
bbs,0
digi,0
adilet,0
www,0
szb,0
shihan,0
www,0
www,0
pfo,0
consult,0
attpoland,0
cdsads,0
uggs,0
www3,0
www.coachoutlet,0
www,0
news,0
www,0
oakleysunglassesoky,0
edu,0
publishers,0
episod,0
mpei,0
search.discuz,0
www,0
look,0
cdna,0
mizunoshoes,0
www,0
h5,0
wanwan,0
syria,0
pic.news,0
fadn,0
rosleshoz,0
google,0
t,0
www.discountasicsshoes,0
discountasicsshoes,0
bvi,0
bizweb,0
d,0
www,0
cdn,0
img,0
mzz,0
collection,0
wpdemo-env.brjsnrgrpj.us-west-2,0
nikeshoes,0
nebih,0
top,0
german,0
nikeshoess,0
www,0
yuqing,0
shedevr,0
tommyhilfigers,0
bm,0
adidassuperstarsshoes,0
justiceservices,0
www,0
sealserver,0
mathematica,0
www,0
ignus,0
a,0
www,0
charmspandora,0
realestate,0
www,0
www,0
nike-shoes,0
new,0
idp,0
coco-chanel,0
www,0
hk,0
jordan11winlike96,0
zapret-info,0
www,0
www,0
30,0
www.oakleysunglassesoks,0
www,0
privacy,0
www,0
app,0
education,0
www,0
bbs,0
fish,0
www,0
mod,0
parkour,0
michael-kors,0
pdt,0
www,0
acceptable,0
house,0
viper,0
doubleyourprofit,0
xorg,0
pl,0
eken,0
uggboots-sale,0
www.uggboots-sale,0
sf,0
forums,0
humanities,0
weekly,0
jokesland,0
global,0
www.vapormaxplus,0
buy,0
news,0
standart,0
zhuce,0
finance,0
yqlj,0
huizhan,0
commonslibrary,0
government,0
yuanjian,0
minprom,0
ell,0
wsd,0
tritel,0
weibo,0
www,0
img14,0
encyclopedia,0
france,0
cialis,0
gtzyt,0
m,0
vlada,0
a,0
romhacking,0
blogownik,0
www,0
visa,0
zvezda,0
rkf,0
www,0
cheman,0
www,0
kerch,0
www,0
test6,0
soft,0
palyazat,0
allamkincstar,0
government,0
olympus,0
dresserie,0
kh,0
pornmd,0
nucleus,0
www,0
www,0
www,0
es,0
edmi,0
zhenyan,0
www,0
jin,0
hongcai,0
lkt,0
burberryoutletoff,0
syndication,0
shehui,0
www.cheap--nfljersey,0
health,0
images,0
www,0
shell,0
coins,0
sevastopol,0
bft,0
nevyansk,0
test,0
fso,0
www.compas,0
lady,0
catalogue,0
www,0
dawnofwar,0
webservice,0
www,0
liverussia,0
dev,0
nike-airhuarache,0
mall,0
www.faropavia,0
vip,0
www.geox,0
geox,0
sharepoint,0
zijn,0
www,0
www,0
hichannel,0
forums,0
nike-freerun,0
coachbagsoutlet,0
airmax-schoenen,0
tw.search.buy,0
yeezysupply,0
www.yeezysupply,0
vlada,0
banking,0
l,0
www,0
shenzhen,0
jakirower,0
news,0
www.nikeoutletonlineshopping,0
zzz,0
economy,0
raidcall,0
apollo-ireland,0
www,0
ugatu,0
nt,0
justice,0
com,0
parikmaher,0
look,0
ind5,0
i,0
eunet,0
sweetmeet,0
school44,0
people,0
finance,0
hq,0
www,0
sports,0
open,0
www,0
statistica,0
tools,0
mari-el,0
news,0
finland,0
7799,0
www,0
www.mizunorunningshoes,0
open,0
sucai,0
mstu,0
category,0
bruss,0
indprop,0
www,0
distilleryimage2.s3,0
carmarthenshire,0
nbajerseyscheapwholesale,0
www,0
allpix,0
bbs,0
transport,0
openinstalljump,0
www,0
www,0
v6.player,0
uolhost,0
madou259,0
info,0
buylevitraonline,0
international,0
ua,0
www.omsk,0
finance,0
dziennik,0
redirect.appmetrica,0
www,0
poloralphlauren,0
img2,0
mfa,0
bf,0
bdk,0
488,0
mddsz,0
click,0
tvunderground,0
deti,0
zjgold,0
pnu,0
coupon.m,0
ziliao,0
atq.ck,0
xnxxpornoxnxx,0
jingluocuimian,0
guides,0
id,0
www,0
sgg,0
repairguide,0
mizs,0
czm-volga,0
temai.m,0
www,0
store,0
fund,0
ssl,0
bbs,0
photos,0
www.michaelkors-outletonlinesale,0
michaelkors-outletonlinesale,0
ivanovo,0
discom,0
www,0
jinrong,0
shouyou,0
finance,0
findyourmp,0
pekanbaru,0
slova,0
www,0
sociology,0
bbs,0
mail,0
salebuy,0
dogana,0
cdn3,0
sao,0
playroom,0
australia-stage,0
digma,0
aveiro,0
www,0
dxb,0
cl,0
cps,0
news,0
m,0
moonshinecreek,0
nso,0
mgul,0
e-uprava,0
employment,0
naoke,0
fano,0
images-gmi-pmc,0
www.nfljerseysofficialshop,0
rover,0
rent,0
index,0
imagescdn,0
kmbdf,0
ess,0
movingimage,0
www,0
pwnd,0
s12,0
counter,0
erostone,0
ab,0
mall,0
i851,0
rgutis,0
ads,0
product,0
fu,0
en,0
s,0
fr,0
www,0
wbc,0
www,0
all-cs,0
sealinfo,0
afflnk,0
artifact,0
dujia,0
biol,0
affiliatesys,0
yhmf,0
www,0
rosnedra,0
1v1d1e1lmiki1lgcvx32p49h8fe-wpengine,0
kamchatka,0
sakhalin,0
df,0
www,0
zrr269,0
photos3,0
direct,0
pics,0
mail,0
events,0
honda,0
nike-skors,0
ns.ac,0
hilmawan.blogs,0
proverki,0
annuaire,0
converseschuhe,0
economy,0
feeds,0
mfinante,0
mobiloil,0
education,0
statik,0
comps,0
www,0
blogs,0
www,0
links,0
www,0
www,0
business,0
emet,0
bacalaureat,0
comunicatii,0
dianxian,0
34rfwef2sdf,0
office,0
partners,0
chromeheart,0
house-md,0
cdn,0
iem,0
zinkiu,0
www,0
irk,0
www.fr,0
help,0
www.sbr,0
m,0
ereffccdsdfhrd,0
crimea,0
imagesonline,0
sdfsd2dsa,0
faqs,0
pcash,0
rc,0
zaozerskdou4,0
bkfud634,0
fsd24ffsf,0
m,0
sdfsdr34fdsf2,0
webww,0
bbc,0
culture,0
mavrommatis,0
www,0
dfsf34czxc,0
fsdf34fsdfsd,0
rrry3dttetrefer,0
skracam,0
app,0
www,0
fyrlvldkrefer,0
big5,0
new,0
dldltspvpps4,0
sdf34fsdt3,0
luxury,0
down,0
telecom,0
khlfglrdppesv,0
rastko.org,0
sfdff3fsdf,0
jarasinfo,0
xin,0
www,0
svadba,0
news,0
marriott,0
superforum,0
new,0
leienhenger,0
www,0
travel,0
tinhte,0
www,0
antanta,0
school2-aksay,0
ip.affiliate,0
sou,0
www3,0
www,0
www,0
en,0
www,0
zspk,0
ecoaula,0
mp,0
mop,0
www,0
miem,0
ke,0
www,0
www.gov,0
pic,0
imm,0
atemi,0
artclassic,0
nefmi,0
dev,0
botanical,0
a,0
www.swarovskisjewelry,0
onlinecasinodeutschland,0
ballonger,0
www,0
health,0
finance,0
read,0
img,0
bike,0
online,0
simplesolutions,0
technolog,0
www,0
www,0
opendata,0
fpi,0
historydoc,0
ww2,0
look,0
beta,0
foodstandards,0
www,0
louis-vuitton-taschen,0
nemzetipark,0
ask,0
images,0
movie,0
sac,0
www,0
blog,0
shop,0
www,0
home,0
de,0
www,0
stat,0
www,0
newbalance,0
blpc,0
regulation,0
click,0
ogyei,0
rfbk,0
da,0
sysimages,0
alumni,0
ulkk,0
www.jordan11winlike82,0
www,0
vip,0
yyac,0
fgyp,0
www,0
www,0
danas,0
heyi,0
codeblog,0
download,0
ca,0
bj,0
kiqs,0
zzog,0
cabinet,0
www,0
images-i,0
forum,0
i96,0
bpui,0
msek,0
hk.finance,0
fs18,0
uggboots,0
ios,0
thepoint,0
or,0
qmhi,0
minstm,0
klzy,0
www.nikeairmax-270,0
minsk,0
lizx,0
tuan,0
fr,0
www,0
odnb,0
www,0
kirsoft,0
www,0
uggsboots,0
azino77,0
pic,0
uggs-boots,0
uzxx,0
news,0
d,0
fasi,0
alania,0
digitalmusicnews,0
novsu,0
ycdx,0
prme,0
geetha,0
jin,0
zai,0
fr,0
baraholka,0
aquafan,0
foreign,0
dblw,0
multimedia,0
ens,0
okm,0
natures,0
nxci,0
ahhw,0
nkfih,0
new,0
mylene,0
www,0
tviplayer,0
unuh,0
oqtz,0
www,0
wbcs,0
secure,0
syyv,0
canada-goose,0
orsm,0
www,0
www,0
qsci,0
www,0
mvro,0
m,0
vestnik,0
nkh,0
kosmos-x,0
camera,0
blog,0
wohj,0
mgrt,0
skazka,0
img,0
laue,0
cixo,0
mz,0
zf,0
xqkt,0
biko,0
utrish,0
ujszechenyiterv,0
mk,0
budget,0
share,0
sztnh,0
ocala,0
forum-sportowe,0
issp,0
mti,0
sc,0
neuro,0
mayweathervsmaidanalive,0
cors,0
tetradka,0
tanjug.co,0
zx,0
szpi,0
tuvi,0
www,0
blog,0
rayban-outlet,0
windxp,0
eap,0
anzhuo,0
www,0
news,0
www,0
www,0
forums,0
autosport,0
jw,0
der,0
parnu,0
smb,0
blic.co,0
service,0
www,0
show,0
www,0
vns,0
teddylsd,0
audio-ssl.itunes,0
cluster26763,0
sev,0
foreignaffairs,0
moi,0
mcafee,0
foreign,0
www,0
eurovision,0
book,0
admitere,0
test,0
bbs,0
cdn,0
haerbin,0
dom,0
lingkun,0
tommy-hilfigers,0
tyc,0
corp,0
turgenev,0
dj,0
offers,0
mygameforums,0
zhuanti,0
fatalenergy,0
www.windowsticker,0
mrp-listings,0
cosmo,0
tj,0
brzs,0
ssa,0
ukom,0
nike-airforce,0
bbs1,0
cleft.med,0
sf2,0
app,0
wesnoth,0
fsff,0
jfrc,0
rts.co,0
f88,0
news,0
www,0
content,0
web,0
dxw,0
hastravel,0
mrs-bartra,0
jiancai,0
anzhuo,0
media,0
www,0
awais,0
www,0
mnl,0
www,0
crockpot,0
gold,0
st,0
boardgames,0
defenceimagery,0
iha,0
3339,0
images,0
w-panienski,0
media,0
www,0
273.adsina,0
vos,0
met,0
auis,0
sexualhealth,0
wjw,0
gvp,0
forum,0
book,0
resh,0
gweddill,0
www,0
ibrae,0
ku.m,0
adult.contents,0
german,0
ito,0
gasu,0
pic,0
inr,0
web,0
gisp,0
www,0
norton,0
digi,0
carrefour-numerique,0
business,0
subs,0
www10,0
anzhuo,0
uvo,0
mnz,0
nrm,0
ktelegraf,0
www,0
hirek,0
wsjkw,0
mms,0
mf,0
nettdating-gratis,0
www,0
ek,0
www,0
dailynews,0
wap,0
www,0
g-search1,0
www.louisvuittonoutlet-stores,0
estc,0
baike,0
hjjg,0
sx,0
web,0
sl,0
turism,0
rekn,0
coupe,0
kozigallas,0
site,0
alderney,0
granma,0
man,0
russian-orthodox-church,0
qvoq,0
burundi,0
tabletki-odchudzajace,0
fpyr,0
news,0
counter,0
icni,0
ioc,0
uni-vologda,0
dev,0
bdd-eor,0
tdxw,0
oymf,0
ired,0
www,0
cdn02,0
rguc,0
wljg,0
www,0
web,0
www,0
zhaojing,0
kwgv,0
customsiliconebraceletscheappwe,0
mijq,0
estyn,0
zsys,0
rnfj,0
www,0
startelegram,0
kkpgitamandir,0
razvoj,0
ztog,0
thrd,0
www,0
pressandpolicy,0
anzhuo,0
yfax,0
zvoj,0
dz,0
jrzpapi,0
apple-iphone,0
connect,0
ltbk,0
mttd,0
gcct,0
cfa,0
june-22,0
pcportal,0
ask,0
jp,0
upn,0
www,0
qbnw,0
news,0
keychainpartsuyg,0
sportwristbandsfl6,0
crystaltips,0
bklm,0
rgxq,0
rezerv,0
sharronclemons,0
badnews,0
m,0
qrwm,0
anapa,0
dqjob,0
asklibrary,0
kampanie-reklamowe,0
gdvp,0
uefiscdi,0
fcqy,0
doi,0
governo,0
beta.co,0
njaw,0
porady-transportowe,0
i,0
mkgp,0
asu,0
durs,0
shihuo,0
lovequotesrus,0
mirco,0
esavjetovanja,0
whmx,0
ingvarr,0
adclient,0
cynn,0
aixe,0
reklama-od-podstaw,0
itp,0
www,0
ncre,0
jetpletters,0
financeblog,0
weili,0
www1,0
ads,0
8.proo,0
m,0
m,0
email,0
isfg,0
9.pojj,0
nsau,0
fegr,0
tkqe,0
7.qecb,0
search,0
blogs,0
1.ggmd,0
caijing,0
polskabiega,0
zadg,0
cvni,0
prodigi,0
images,0
vnqm,0
9.ogus,0
www,0
assets,0
secure,0
pylu,0
mrkviz8v7o8,0
gbqp,0
www,0
aydc,0
xm,0
kzje,0
sildenafil,0
news,0
www.chs,0
eozy,0
dqwn,0
fyqj,0
ios,0
mzo,0
jetp,0
snowdonia,0
hekx,0
goohle,0
wap,0
s1,0
bwxy,0
jheh,0
beograd.org,0
www,0
oh,0
v2,0
10.akjz,0
xjkf,0
electronix,0
anzhuo,0
a,0
museums,0
anindiscriminatecollection,0
sanu.ac,0
www,0
weibo,0
agwd,0
wap,0
m,0
lodc,0
dyson,0
web,0
uuk,0
giantbomb1,0
8.jaia,0
6.yqpg,0
zakonodaja,0
listado,0
10.jhcn,0
dict,0
nic,0
learning,0
download,0
img,0
smlouvy,0
blog,0
kmhd,0
7.mwgl,0
wjzm,0
cs-games,0
news,0
8.wdgm,0
vyph,0
wj,0
ask,0
cdn,0
uclr,0
pwkx,0
mmm,0
vlk,0
hxyq,0
gold.money,0
hssd,0
shop,0
tienda,0
vitas,0
idku,0
utxi,0
www,0
www,0
vstu,0
kk,0
izdk,0
kguh,0
qlkm,0
rtbp,0
kairui,0
newmofu,0
mdomsp,0
cdyd,0
aduana,0
rwc,0
coopuelo,0
gcya,0
7.qzwd,0
nrox,0
3.eyvm,0
ykcc,0
jxze,0
bookin,0
grnnet,0
domen,0
litera,0
fqun,0
xnzo,0
3.jkaw,0
quft,0
bkaq,0
aslz,0
gnar,0
zfpk,0
penza,0
d1qfj231ug7wdu,0
evaluare,0
mpuy,0
zswf,0
hdds,0
yy,0
bcft,0
rtfj,0
reklama-w-pigulce,0
m,0
fr.babelfish,0
ehxo,0
qipq,0
bally,0
media,0
www,0
aeiou,0
ottm,0
5.unmp,0
www,0
yongke,0
ppt,0
hms,0
3.xbvh,0
khdn,0
irsp,0
nied,0
kqhi,0
baptist,0
student,0
programadiasporacaboverde,0
eunx,0
pmec,0
gtqa,0
site,0
audiencesniper,0
bgmu,0
spfg,0
nileriver,0
nlva,0
hcjg,0
xiazai,0
ucuc,0
anzhuo,0
xjze,0
csgv,0
blog,0
huzx,0
wgjp,0
dreamline,0
freewristbandslk5,0
pushkin,0
forum,0
vjxx,0
svwy,0
chgpu,0
politika.co,0
iha,0
2.xovb,0
rkzc,0
djwt,0
ba,0
www,0
sionsg,0
images-a,0
bcmc,0
jlly,0
lubbock,0
shop,0
lxyu,0
onjn,0
sxfj,0
meii,0
isyc,0
torrentking,0
wristbandswholesalezat,0
web,0
mcrv,0
www,0
cokf,0
vbiu,0
gaj,0
onxt,0
al,0
langologitarok,0
joyi,0
euiq,0
dxb,0
otrv,0
ep-2018-ironbank,0
pdgb,0
press,0
zqaw,0
kmct,0
tbem,0
gvhc,0
qaqm,0
uqih,0
data,0
airgun,0
cdnm,0
photo,0
hveu,0
fwwe,0
xubf,0
hlwh,0
kieo,0
eyif,0
7.dodw,0
gai,0
m,0
mju,0
pgtd,0
kmwa,0
lxqg,0
pass4sure,0
rpsx,0
s2,0
rgjl,0
icpp,0
d1ipn991zmyfu9,0
crz,0
mrlq,0
ddnu,0
cms.events,0
kwey,0
krqi,0
ecqh,0
iyhx,0
victory,0
ccyl,0
vgci,0
ios,0
dianxian,0
obt,0
images-e,0
house,0
imhu,0
epmz,0
iawe,0
iyai,0
kwcm,0
gosstroy,0
cfax,0
www,0
recrut,0
subiecte,0
ijbu,0
ktub,0
gosudar,0
byt,0
www.pandora-jewellery,0
ylrv,0
810,0
travels,0
tgbw,0
vnwp,0
ss1,0
voda,0
ojib,0
hcsn,0
zjus,0
www,0
school113-rnd,0
mvh,0
vidod,0
gwwk,0
ctqi,0
ghtp,0
fmmb,0
radionet,0
wap,0
tabletkinapenisa,0
ni.ac,0
mod,0
ssqw,0
lwjn,0
rdaz,0
nfup,0
xniz,0
www,0
meto,0
whtx,0
ssif,0
gxaq,0
cgv,0
fizt,0
mtdf,0
iumg,0
cltj,0
nexya,0
yib,0
accessories,0
ezwa,0
yrsp,0
shifter,0
zwnn,0
wwzr,0
mfa.gov,0
multimedia,0
www,0
security,0
www,0
ljaf,0
uzvw,0
ymfy,0
krbz,0
azino-777,0
tokmok,0
fxrg,0
9.vmpt,0
mbdg,0
tiip,0
exambasic,0
buyingbusinesstravel,0
www,0
stat,0
rqlq,0
dytg,0
suab,0
xqog,0
ohdt,0
kmyh,0
esta,0
komap,0
trendmicro,0
login,0
lqny,0
aoep,0
ombudsman,0
dtpv,0
nxrg,0
10.dqrx,0
9.dvhv,0
9.cgkq,0
images,0
bdrw,0
tptl,0
diwj,0
qkvp,0
4.bfrd,0
cfsk,0
health,0
qppl,0
lrsx,0
static,0
tlt,0
images-o,0
rjfx,0
bztu,0
zert,0
yuoy,0
1.zrri,0
ldeg,0
beta,0
shanghai,0
cjxy,0
fly,0
iwpl,0
rwgw,0
xuow,0
wjph,0
traphouse,0
tjab,0
tssz,0
srub,0
home,0
ltg,0
dmvj,0
anzhuo,0
qexh,0
bnje,0
ooax,0
ypkq,0
dckd,0
5.vgpz,0
szmm,0
hbcv,0
aqsw,0
dwbu,0
ugip,0
tzob,0
hjuz,0
fisl,0
cvtl,0
gues,0
cxef,0
ottr,0
gywd,0
byle,0
pyjg,0
qzwr,0
www5,0
4.hclf,0
cawp,0
uekd,0
rtvl,0
news,0
obchody,0
www,0
wpkj,0
oypb,0
gieo,0
fxzl,0
dtcsrni,0
gpuu,0
opieka,0
xunlei7,0
icjg,0
ofbw,0
actx,0
ecag,0
oqye,0
vbdd,0
stoplinux,0
zoo,0
glas-javnosti.co,0
ytq901,0
blsw,0
jwla,0
kesj,0
cwdp,0
3.zwfr,0
mxjs,0
s,0
insp,0
toshiba,0
s1,0
naoke,0
landscape,0
pkwx,0
dtsq,0
mjqh,0
wsit,0
1.misq,0
lxdl,0
score,0
hcsc,0
qown,0
tsph,0
oxep,0
ccp,0
nzah,0
udys,0
kflk,0
uufl,0
ingt,0
bafd,0
internet,0
preparatynatradzik,0
akmc,0
uxza,0
orgo,0
cziu,0
inar,0
hhxe,0
aorj,0
news,0
parliament,0
mo,0
gddp,0
okom,0
vube,0
qzks,0
nxwq,0
ocgu,0
fnum,0
hcsg,0
skazki,0
jkae,0
mz2plfgh7,0
kim,0
as,0
dxzs,0
ufvt,0
drqh,0
usxn,0
dina,0
cwdp,0
domo,0
www,0
ygms,0
app,0
tsqs,0
aiox,0
pymf,0
evhp,0
kyag,0
wbxb,0
searcharchives,0
eojw,0
luld,0
www,0
m,0
uprava,0
xjqh,0
www2,0
fwqr,0
cyuu,0
llkf,0
bim,0
uztranslations,0
whnn,0
jspl,0
oryouri,0
betp,0
rhhy,0
neny,0
fnedu,0
sxp,0
wrbzx,0
regal,0
poligon,0
cool-panienski,0
rakipsiztr,0
gwkg,0
mvzt,0
hqnp,0
weem,0
bjdw,0
www,0
www,0
iou,0
1.wima,0
7.gezn,0
777azino,0
m,0
rmdx,0
bbs,0
desamaburai,0
tzxu,0
7.dtpv,0
4you,0
sysadminday,0
nzhh,0
www,0
ishl,0
iek,0
5.mxmu,0
4.tqfz,0
potential,0
bdpf,0
chqh,0
icp,0
yfrc,0
tzzy,0
jzrt,0
oart,0
ztc,0
diagnostics,0
health,0
gapk,0
kennak,0
bsba,0
ugip,0
ztgo,0
3g,0
3g,0
agra,0
teleoff,0
pups,0
cheap-hosting,0
rqd,0
rentsmart,0
qtjl,0
bjua,0
obly,0
www,0
bmku,0
hub,0
tatyana,0
zmdr,0
statesassembly,0
inks,0
zmkd,0
ctgg,0
dryer,0
sterydy,0
nrc,0
sinoptik,0
rdng,0
kdxf,0
ffcn,0
sscq,0
wuvt,0
liner,0
lvio,0
titularizare,0
merkurcasino,0
cdly,0
7.idlc,0
www,0
grey-sofa,0
may65,0
qhlx,0
6.lrdy,0
thumbor-gc,0
mita,0
sov-art,0
karmatown,0
planet,0
fsol,0
7.vwfd,0
nonamills,0
dinafem,0
ifus,0
sbs,0
courier,0
graduate,0
v,0
sv.gov,0
dxb,0
uudr,0
yyay,0
bcel,0
nwne,0
nwpc,0
sgsy,0
secure2,0
5.ssyh,0
8.ndwp,0
wzyk,0
online,0
deci,0
www,0
odqb,0
zbms,0
ine,0
lo1,0
fotoart,0
kai,0
wjey,0
6.osxl,0
pewna-apteka2,0
vqxo,0
eldi,0
5.fxeh,0
lsvs,0
10.pjrw,0
gvsu,0
kzt,0
wap,0
www,0
grat,0
ar,0
xyyq,0
9.ntgx,0
armyjobs,0
bcb,0
rcoo,0
kbimg,0
www,0
vibk,0
xcck,0
ffqx,0
omsk,0
azic,0
www,0
url,0
ls,0
cqcd,0
nawypadaniewlosow,0
t,0
pewna-apteka,0
4.duto,0
school52,0
feym,0
chpm,0
dzyt,0
okatuning,0
maxprzek5,0
www,0
mp,0
tzdh,0
cso,0
operations,0
unic,0
aurora,0
buysale,0
cqhv,0
qik,0
yctz,0
powx,0
giit,0
pksm,0
qtsd,0
ikdi,0
official,0
9.qdpy,0
pewna-apteka4,0
danas.co,0
pufj,0
cdnll,0
mss,0
skdc,0
nube,0
www,0
hoqk,0
reuters,0
mhfg,0
9.kvne,0
haedu,0
clap,0
tao,0
snowypineswhitelabs,0
1.boop,0
ampd,0
wsaf,0
tjky,0
10.uusr,0
www,0
puyang,0
zynd,0
www,0
rkno,0
jin,0
mkeh,0
glqp,0
staging11,0
qbmp,0
10.coqr,0
dstu,0
ilc,0
tmd56,0
ilbq,0
kamagra,0
maxprzek1,0
pstu,0
assets3,0
shop,0
fractal,0
kitap,0
aarw,0
dosw,0
pspo,0
hundeseng,0
bqvp,0
fotobest,0
rokovania,0
rili,0
www-ws,0
konte,0
centralbank,0
jobz,0
uk,0
oicq,0
scp,0
8.cedk,0
www,0
crosdilleisure,0
gurt,0
rolenacity,0
twcn,0
www,0
img,0
www,0
linneyfencing,0
ewnt,0
qyvy,0
www.westpalmbeach,0
hearst.referrals,0
rnfr,0
es,0
www,0
e-visa,0
chbo,0
wppg,0
powerbuilding,0
www,0
www,0
obr-don,0
www,0
3.epmv,0
seekingstyleblog,0
ghwi,0
pewna-apteka5,0
cart.payments,0
4.kxsk,0
dutchpassion,0
icu,0
cbve,0
ccwn,0
xdzx,0
calendar,0
nwyv,0
bdmb,0
yes,0
mawr,0
www,0
maxprzek,0
maxprzek2,0
berrator,0
neak,0
ktmz,0
hopx,0
crtu,0
hipo,0
pewna-apteka1,0
raw.cdn,0
governmentofvanuatu,0
zxkr,0
kvml,0
tdsr,0
khzj,0
sochi,0
bfvl,0
personalizedkeyringsformencie,0
maxprzek3,0
6.zxok,0
dlje,0
riue,0
nbev,0
shop,0
store,0
mfin,0
maxprzek4,0
redir,0
ismb,0
gd,0
orv,0
ormekurtilkat,0
erqy,0
cuqp,0
gvko,0
1.ehst,0
z65b6,0
openet,0
house,0
www.yic,0
deputyprimeminister,0
statswales,0
www,0
bgka,0
blst,0
saui,0
archive,0
wzwy,0
jjqn,0
sites,0
uni-mindelo,0
4.yhtu,0
xtbt,0
peoples,0
www,0
so,0
www,0
lmda,0
hbzu,0
91porn,0
language,0
yffi,0
qymq,0
search,0
eurasia,0
8.ezxx,0
martist,0
c21,0
deriv,0
yhfd,0
njjq,0
4.lezk,0
luxg,0
9.ktkj,0
xgmu,0
4.jdnn,0
bajo,0
img-l3,0
mnogosofta,0
www,0
ekqo,0
pzch,0
arrs,0
libguides,0
tzsj,0
wbvg,0
taikan-karate,0
banner2,0
4.fibc,0
narq,0
9.gehr,0
putty,0
download,0
media,0
music,0
pewna-apteka3,0
demo,0
ndce,0
2.nduw,0
mob,0
doe,0
kopilochka,0
vote,0
wmforum,0
oqik,0
experiment,0
helpfvl,0
lemf,0
vmwl,0
yduw,0
hozx,0
megionschool3,0
openinstalljump,0
wap,0
casino,0
www03,0
tjvg,0
oeuc,0
www,0
4.xbez,0
inss,0
www,0
cdn,0
lygi,0
jsfq,0
baawri,0
poox,0
cosmics,0
weblisting,0
sun9-68,0
